region,country,language,language_code,population
Australia & Melanesia,Australia,Gurindji Kriol,gjr,"1,000"
Australia & Melanesia,New Caledonia,Yuanga,nua,"2,400"
Australia & Melanesia,New Caledonia,Numèè,kdk,"2,180"
Australia & Melanesia,New Caledonia,Nyelâyu,yly,"1,960"
Australia & Melanesia,New Caledonia,Fwâi,fwa,"1,860"
Australia & Melanesia,New Caledonia,Drubea,duf,"1,210"
Australia & Melanesia,New Caledonia,Caac,msq,"1,170"
Australia & Melanesia,New Caledonia,Jawe,jaz,990
Australia & Melanesia,New Caledonia,Nemi,nem,910
Australia & Melanesia,Papua New Guinea,Hakö,hao,"12,000"
Australia & Melanesia,Papua New Guinea,Uneapa,bbn,"12,000"
Australia & Melanesia,Papua New Guinea,Angoram,aog,"8,220"
Australia & Melanesia,Papua New Guinea,Kove,kvc,"8,000"
Australia & Melanesia,Papua New Guinea,Mehek,nux,"6,300"
Australia & Melanesia,Papua New Guinea,Keoru-Ahia,xeu,"5,970"
Australia & Melanesia,Papua New Guinea,Askopan,eiv,"5,000"
Australia & Melanesia,Papua New Guinea,Bannoni,bcm,"4,500"
Australia & Melanesia,Papua New Guinea,Gavak,dmc,"3,820"
Australia & Melanesia,Papua New Guinea,Kap,ykm,"3,460"
Australia & Melanesia,Papua New Guinea,Kairiru,kxa,"3,200"
Australia & Melanesia,Papua New Guinea,Bebeli,bek,"3,130"
Australia & Melanesia,Papua New Guinea,Biwat,bwm,"3,040"
Australia & Melanesia,Papua New Guinea,Karawari,tzx,"3,000"
Australia & Melanesia,Papua New Guinea,Kou,snz,"3,000"
Australia & Melanesia,Papua New Guinea,Ontenu,ont,"3,000"
Australia & Melanesia,Papua New Guinea,Simeku,smz,"3,000"
Australia & Melanesia,Papua New Guinea,Ulau-Suain,svb,"2,800"
Australia & Melanesia,Papua New Guinea,Gorakor,goc,"2,740"
Australia & Melanesia,Papua New Guinea,Heyo,auk,"2,710"
Australia & Melanesia,Papua New Guinea,Vanimo,vam,"2,700"
Australia & Melanesia,Papua New Guinea,Garus,gyb,"2,650"
Australia & Melanesia,Papua New Guinea,Galeya,gar,"2,620"
Australia & Melanesia,Papua New Guinea,Kumalu,ksl,"2,580"
Australia & Melanesia,Papua New Guinea,Koromira,kqj,"2,500"
Australia & Melanesia,Papua New Guinea,Paluai,blq,"2,500"
Australia & Melanesia,Papua New Guinea,Yil,yll,"2,470"
Australia & Melanesia,Papua New Guinea,Maiwala,mum,"2,450"
Australia & Melanesia,Papua New Guinea,Solong,aaw,"2,200"
Australia & Melanesia,Papua New Guinea,Pagi,pgi,"2,140"
Australia & Melanesia,Papua New Guinea,Opao,opo,"2,070"
Australia & Melanesia,Papua New Guinea,Amio-Gelimi,let,"2,000"
Australia & Melanesia,Papua New Guinea,Lawunuia,tgi,"2,000"
Australia & Melanesia,Papua New Guinea,Lungalunga,vmg,"2,000"
Australia & Melanesia,Papua New Guinea,Tomoip,tqp,"2,000"
Australia & Melanesia,Papua New Guinea,Torau,ttu,"2,000"
Australia & Melanesia,Papua New Guinea,Tulil,tuh,"2,000"
Australia & Melanesia,Papua New Guinea,Tulu-Bohuai,rak,"1,970"
Australia & Melanesia,Papua New Guinea,Anamgura,imi,"1,960"
Australia & Melanesia,Papua New Guinea,Dibiyaso,dby,"1,950"
Australia & Melanesia,Papua New Guinea,Gants,gao,"1,880"
Australia & Melanesia,Papua New Guinea,Dia,dia,"1,840"
Australia & Melanesia,Papua New Guinea,Zenag,zeg,"1,820"
Australia & Melanesia,Papua New Guinea,Amaimon,ali,"1,780"
Australia & Melanesia,Papua New Guinea,Lembena,leq,"1,760"
Australia & Melanesia,Papua New Guinea,Mubami,tsx,"1,730"
Australia & Melanesia,Papua New Guinea,Chambri,can,"1,700"
Australia & Melanesia,Papua New Guinea,"Koiari, Grass",kbk,"1,700"
Australia & Melanesia,Papua New Guinea,Nimi,nis,"1,700"
Australia & Melanesia,Papua New Guinea,Waube,kop,"1,650"
Australia & Melanesia,Papua New Guinea,Elkei,elk,"1,640"
Australia & Melanesia,Papua New Guinea,Kapriman,dju,"1,640"
Australia & Melanesia,Papua New Guinea,Nakame,nib,"1,640"
Australia & Melanesia,Papua New Guinea,Khehek,tlx,"1,620"
Australia & Melanesia,Papua New Guinea,Wogeo,woc,"1,620"
Australia & Melanesia,Papua New Guinea,Idi,idi,"1,610"
Australia & Melanesia,Papua New Guinea,Ma Manda,skc,"1,600"
Australia & Melanesia,Papua New Guinea,Rempi,rmp,"1,590"
Australia & Melanesia,Papua New Guinea,Sewa Bay,sew,"1,520"
Australia & Melanesia,Papua New Guinea,Andra-Hus,anx,"1,500"
Australia & Melanesia,Papua New Guinea,Kobuka,urg,"1,500"
Australia & Melanesia,Papua New Guinea,Musar,mmi,"1,500"
Australia & Melanesia,Papua New Guinea,Yabong,ybo,"1,500"
Australia & Melanesia,Papua New Guinea,Kele,sbc,"1,460"
Australia & Melanesia,Papua New Guinea,Ginuman,gnm,"1,440"
Australia & Melanesia,Papua New Guinea,Yahang,rhp,"1,430"
Australia & Melanesia,Papua New Guinea,Gaina,gcn,"1,410"
Australia & Melanesia,Papua New Guinea,Ere,twp,"1,400"
Australia & Melanesia,Papua New Guinea,Mekmek,mvk,"1,400"
Australia & Melanesia,Papua New Guinea,Bipi,biq,"1,380"
Australia & Melanesia,Papua New Guinea,Kalou,ywa,"1,370"
Australia & Melanesia,Papua New Guinea,Maria,mds,"1,350"
Australia & Melanesia,Papua New Guinea,Gnau,gnu,"1,330"
Australia & Melanesia,Papua New Guinea,Yaleba,ylb,"1,330"
Australia & Melanesia,Papua New Guinea,Hahon,hah,"1,300"
Australia & Melanesia,Papua New Guinea,Nanubae,afk,"1,270"
Australia & Melanesia,Papua New Guinea,Kumukio,kuo,"1,260"
Australia & Melanesia,Papua New Guinea,Bilbil,brz,"1,250"
Australia & Melanesia,Papua New Guinea,Ambul,apo,"1,200"
Australia & Melanesia,Papua New Guinea,Brem,buq,"1,190"
Australia & Melanesia,Papua New Guinea,Pano,mqz,"1,180"
Australia & Melanesia,Papua New Guinea,Sowanda,sow,"1,180"
Australia & Melanesia,Papua New Guinea,Utarmbung,omo,"1,170"
Australia & Melanesia,Papua New Guinea,Biage,bdf,"1,100"
Australia & Melanesia,Papua New Guinea,Morawa,mze,"1,100"
Australia & Melanesia,Papua New Guinea,Pak-Tong,pkg,"1,090"
Australia & Melanesia,Papua New Guinea,Kanggape,igm,"1,080"
Australia & Melanesia,Papua New Guinea,Anam,pda,"1,070"
Australia & Melanesia,Papua New Guinea,Wanap,wnp,"1,070"
Australia & Melanesia,Papua New Guinea,Haigwai,hgw,"1,060"
Australia & Melanesia,Papua New Guinea,Penchal,pek,"1,060"
Australia & Melanesia,Papua New Guinea,Uyajitaya,duk,"1,050"
Australia & Melanesia,Papua New Guinea,Yekora,ykr,"1,050"
Australia & Melanesia,Papua New Guinea,Wa'ema,wag,"1,020"
Australia & Melanesia,Papua New Guinea,Mur Pano,tkv,"1,000"
Australia & Melanesia,Papua New Guinea,Murik,mtf,"1,000"
Australia & Melanesia,Papua New Guinea,Oune,oue,"1,000"
Australia & Melanesia,Papua New Guinea,Tainae,ago,"1,000"
Australia & Melanesia,Papua New Guinea,Anor,anj,980
Australia & Melanesia,Papua New Guinea,Domu,dof,950
Australia & Melanesia,Papua New Guinea,Ningil,niz,950
Australia & Melanesia,Papua New Guinea,Wadaginam,wdg,950
Australia & Melanesia,Papua New Guinea,Humene,huf,940
Australia & Melanesia,Papua New Guinea,Niksek,gbe,930
Australia & Melanesia,Papua New Guinea,Wára,tci,930
Australia & Melanesia,Papua New Guinea,Bulu,bjl,910
Australia & Melanesia,Papua New Guinea,Dubuporo,ynl,910
Australia & Melanesia,Papua New Guinea,Isebe,igo,910
Australia & Melanesia,Papua New Guinea,Munit,mtc,910
Australia & Melanesia,Papua New Guinea,Awar,aya,900
Australia & Melanesia,Papua New Guinea,Gitua,ggt,900
Australia & Melanesia,Papua New Guinea,Kairak,ckr,900
Australia & Melanesia,Papua New Guinea,Mala,mmt,900
Australia & Melanesia,Papua New Guinea,Manem,jet,900
Australia & Melanesia,Papua New Guinea,Nuk,noc,900
Australia & Melanesia,Papua New Guinea,Yalaku,ylg,900
Australia & Melanesia,Papua New Guinea,Bongu,bpu,850
Australia & Melanesia,Papua New Guinea,Pahi,lgt,840
Australia & Melanesia,Papua New Guinea,Amal,aad,830
Australia & Melanesia,Papua New Guinea,Anem,anz,830
Australia & Melanesia,Papua New Guinea,Mari,hob,810
Australia & Melanesia,Papua New Guinea,Koiwat,kxt,800
Australia & Melanesia,Papua New Guinea,Konomala,koa,800
Australia & Melanesia,Papua New Guinea,Yis,yis,800
Australia & Melanesia,Papua New Guinea,Degenan,dge,790
Australia & Melanesia,Papua New Guinea,Tumleo,tmq,790
Australia & Melanesia,Papua New Guinea,Loniu,los,780
Australia & Melanesia,Papua New Guinea,Sori-Harengan,sbh,770
Australia & Melanesia,Papua New Guinea,Yoidik,ydk,770
Australia & Melanesia,Papua New Guinea,Aiome,aki,750
Australia & Melanesia,Papua New Guinea,Buna,bvn,750
Australia & Melanesia,Papua New Guinea,Dima,jma,750
Australia & Melanesia,Papua New Guinea,Aruek,aur,740
Australia & Melanesia,Papua New Guinea,"Kodut, South",mcy,730
Australia & Melanesia,Papua New Guinea,Yangum Mon,ymo,730
Australia & Melanesia,Papua New Guinea,Kobol,kgu,720
Australia & Melanesia,Papua New Guinea,Laeko-Libuat,lkl,720
Australia & Melanesia,Papua New Guinea,Mondropolon,npn,720
Australia & Melanesia,Papua New Guinea,Doso,dol,700
Australia & Melanesia,Papua New Guinea,Koromu,xes,700
Australia & Melanesia,Papua New Guinea,Sepa,spe,700
Australia & Melanesia,Papua New Guinea,Wogamusin,wog,700
Australia & Melanesia,Papua New Guinea,Yaben,ybm,700
Australia & Melanesia,Papua New Guinea,Changriwa,cga,690
Australia & Melanesia,Papua New Guinea,Nekgini,nkg,690
Australia & Melanesia,Papua New Guinea,Weliki,klh,670
Australia & Melanesia,Papua New Guinea,Baimak,bmx,650
Australia & Melanesia,Papua New Guinea,Jilim,jil,650
Australia & Melanesia,Papua New Guinea,Malas,mkr,650
Australia & Melanesia,Papua New Guinea,Neko,nej,640
Australia & Melanesia,Papua New Guinea,Rawo,rwa,640
Australia & Melanesia,Papua New Guinea,Binahari,bxz,630
Australia & Melanesia,Papua New Guinea,Kaki Ae,tbd,630
Australia & Melanesia,Papua New Guinea,"Kodut, North",una,630
Australia & Melanesia,Papua New Guinea,Romkun,rmk,630
Australia & Melanesia,Papua New Guinea,Avau,avb,620
Australia & Melanesia,Papua New Guinea,Nabi,mty,620
Australia & Melanesia,Papua New Guinea,Boselewa,bwf,610
Australia & Melanesia,Papua New Guinea,Daantanai',lni,600
Australia & Melanesia,Papua New Guinea,Sarasira,zsa,600
Australia & Melanesia,Papua New Guinea,Wagama,abg,600
Australia & Melanesia,Papua New Guinea,Wagawaga,wgb,600
Australia & Melanesia,Papua New Guinea,Waruna,wrv,600
Australia & Melanesia,Papua New Guinea,Rerau,rea,590
Australia & Melanesia,Papua New Guinea,Wanambre,wnb,590
Australia & Melanesia,Papua New Guinea,Wasembo,gsp,590
Australia & Melanesia,Papua New Guinea,Gumalu,gmu,580
Australia & Melanesia,Papua New Guinea,Utu,utu,580
Australia & Melanesia,Papua New Guinea,Wutung,wut,580
Australia & Melanesia,Papua New Guinea,Elu,elu,570
Australia & Melanesia,Papua New Guinea,Moikodi,mkp,570
Australia & Melanesia,Papua New Guinea,Sihan,snr,570
Australia & Melanesia,Papua New Guinea,Ponam,ncc,560
Australia & Melanesia,Papua New Guinea,Karore,xkx,550
Australia & Melanesia,Papua New Guinea,Ufim,ufi,550
Australia & Melanesia,Papua New Guinea,Kopar,xop,540
Australia & Melanesia,Papua New Guinea,Wampur,waz,530
Australia & Melanesia,Papua New Guinea,Bauwaki,bwk,520
Australia & Melanesia,Papua New Guinea,Karnai,bbv,520
Australia & Melanesia,Papua New Guinea,Sengo,spk,520
Australia & Melanesia,Papua New Guinea,Siliput,mkc,520
Australia & Melanesia,Papua New Guinea,Korak,koz,510
Australia & Melanesia,Papua New Guinea,Medebur,mjm,510
Australia & Melanesia,Papua New Guinea,Watiwa,wtf,510
Australia & Melanesia,Papua New Guinea,Aribwaung,ylu,500
Australia & Melanesia,Papua New Guinea,"One, Molmo",aun,500
Australia & Melanesia,Papua New Guinea,Setaman,stm,500
Australia & Melanesia,Solomon Islands,Birao,brr,"5,900"
Australia & Melanesia,Solomon Islands,Dori'o,dor,"2,410"
Australia & Melanesia,Solomon Islands,Vaghua,tva,"1,960"
Australia & Melanesia,Solomon Islands,Vaeakau-Taumako,piv,"1,660"
Australia & Melanesia,Solomon Islands,Longgu,lgu,"1,500"
Australia & Melanesia,Solomon Islands,Kusaghe,ksg,"1,230"
Australia & Melanesia,Solomon Islands,Kokota,kkk,"1,200"
Australia & Melanesia,Solomon Islands,Ughele,uge,"1,200"
Australia & Melanesia,Solomon Islands,Amba,utp,590
Australia & Melanesia,Vanuatu,Malo,mla,"4,000"
Australia & Melanesia,Vanuatu,Vurës,msn,"2,000"
Australia & Melanesia,Vanuatu,Vao,vao,"1,900"
Australia & Melanesia,Vanuatu,"Maewo, Central",mwo,"1,400"
Australia & Melanesia,Vanuatu,Baetora,btr,"1,330"
Australia & Melanesia,Vanuatu,Neverver,lgk,"1,250"
Australia & Melanesia,Vanuatu,Daakaka,bpa,"1,200"
Australia & Melanesia,Vanuatu,Mae,mme,"1,000"
Australia & Melanesia,Vanuatu,Banam Bay,vrt,900
Australia & Melanesia,Vanuatu,Bierebo,bnk,800
Australia & Melanesia,Vanuatu,Letemboi,nms,800
Australia & Melanesia,Vanuatu,Avava,tmb,700
Australia & Melanesia,Vanuatu,Nume,tgs,700
Australia & Melanesia,Vanuatu,Larevat,lrv,680
Australia & Melanesia,Vanuatu,Butmas-Tur,bnr,520
Australia & Melanesia,Vanuatu,Navut,nsw,520
Australia & Melanesia,Vanuatu,Eton,etn,500
Australia & Melanesia,Vanuatu,Malua Bay,mll,500
Australia & Melanesia,Vanuatu,Marino,mrb,500
Australia & Melanesia,Vanuatu,Neve'ei,vnm,500
Australia & Melanesia,Vanuatu,Tutuba,tmi,500
Islands of Asia,Indonesia,Kerinci,kvr,"285,000"
Islands of Asia,Indonesia,"Bajau, Indonesian",bdl,"226,000"
Islands of Asia,Indonesia,"Malay, Tenggarong Kutai",vkt,"210,000"
Islands of Asia,Indonesia,Tukang Besi North,khc,"120,000"
Islands of Asia,Indonesia,Kangean,kkv,"110,000"
Islands of Asia,Indonesia,Lawangan,lbx,"100,000"
Islands of Asia,Indonesia,Buol,blf,"90,200"
Islands of Asia,Indonesia,"Konjo, Highland",kjk,"68,500"
Islands of Asia,Indonesia,"Malay, Bukit",bvu,"59,000"
Islands of Asia,Indonesia,Ternate,tft,"42,000"
Islands of Asia,Indonesia,Jangkang,djo,"37,000"
Islands of Asia,Indonesia,Seberuang,sbx,"37,000"
Islands of Asia,Indonesia,Geser-Gorom,ges,"36,500"
Islands of Asia,Indonesia,"Kaili, Unde",unz,"35,700"
Islands of Asia,Indonesia,Kulisusu,vkl,"32,100"
Islands of Asia,Indonesia,Ulumanda',ulm,"31,600"
Islands of Asia,Indonesia,Maiwa,wmm,"31,500"
Islands of Asia,Indonesia,Ampanang,apg,"30,000"
Islands of Asia,Indonesia,Bulungan,blj,"30,000"
Islands of Asia,Indonesia,Kedang,ksx,"30,000"
Islands of Asia,Indonesia,Lubu,lcf,"30,000"
Islands of Asia,Indonesia,Pekal,pel,"30,000"
Islands of Asia,Indonesia,Taman,tmn,"30,000"
Islands of Asia,Indonesia,"Tidung, Southern",itd,"27,000"
Islands of Asia,Indonesia,Tidore,tvo,"26,000"
Islands of Asia,Indonesia,Alor,aol,"25,000"
Islands of Asia,Indonesia,"Malay, Balinese",mhp,"25,000"
Islands of Asia,Indonesia,Pannei,pnc,"24,400"
Islands of Asia,Indonesia,Bungku,bkz,"22,000"
Islands of Asia,Indonesia,Dusun Deyah,dun,"20,000"
Islands of Asia,Indonesia,Kodi,kod,"20,000"
Islands of Asia,Indonesia,"Makian, East",mky,"20,000"
Islands of Asia,Indonesia,"Malay, Larantuka",lrt,"20,000"
Islands of Asia,Indonesia,Mandobo Bawah,bwp,"20,000"
Islands of Asia,Indonesia,Sikule,skh,"20,000"
Islands of Asia,Indonesia,Sula,szn,"20,000"
Islands of Asia,Indonesia,Tomini,txm,"19,700"
Islands of Asia,Indonesia,Bahau,bhv,"19,000"
Islands of Asia,Indonesia,Haji,hji,"17,500"
Islands of Asia,Indonesia,Sou Nama,tlt,"17,000"
Islands of Asia,Indonesia,Abui,abz,"16,000"
Islands of Asia,Indonesia,Hitu,htu,"16,000"
Islands of Asia,Indonesia,Duano,dup,"15,600"
Islands of Asia,Indonesia,Modang,mxd,"15,300"
Islands of Asia,Indonesia,Basap,bdb,"15,000"
Islands of Asia,Indonesia,Ile Ape,ila,"15,000"
Islands of Asia,Indonesia,Larike-Wakasihu,alo,"12,600"
Islands of Asia,Indonesia,"Makian, West",mqs,"12,000"
Islands of Asia,Indonesia,Bonerate,bna,"11,900"
Islands of Asia,Indonesia,"Malay, Berau",bve,"11,200"
Islands of Asia,Indonesia,Patani,ptn,"10,600"
Islands of Asia,Indonesia,Seit-Kaitetu,hik,"10,200"
Islands of Asia,Indonesia,Bentong,bnu,"10,100"
Islands of Asia,Indonesia,Kayagar,kyt,"10,000"
Islands of Asia,Indonesia,Kubu,kvb,"10,000"
Islands of Asia,Indonesia,Laura,lur,"10,000"
Islands of Asia,Indonesia,Mandobo Atas,aax,"10,000"
Islands of Asia,Indonesia,"Pantar, Western",lev,"10,000"
Islands of Asia,Indonesia,So'a,ssq,"10,000"
Islands of Asia,Indonesia,Yaqay,jaq,"10,000"
Islands of Asia,Indonesia,Pancana,pnp,"9,460"
Islands of Asia,Indonesia,"Awyu, South",aws,"9,340"
Islands of Asia,Indonesia,Manombai,woo,"9,110"
Islands of Asia,Indonesia,"Asmat, Casuarina Coast",asc,"9,000"
Islands of Asia,Indonesia,Asilulu,asl,"8,760"
Islands of Asia,Indonesia,Kamoro,kgq,"8,000"
Islands of Asia,Indonesia,"Lembata, West",lmj,"8,000"
Islands of Asia,Indonesia,"Muyu, North",kti,"8,000"
Islands of Asia,Indonesia,Beginci,ebc,"7,500"
Islands of Asia,Indonesia,Mangole,mqc,"7,280"
Islands of Asia,Indonesia,"Lembata, South",lmf,"7,000"
Islands of Asia,Indonesia,Sou Upaa,wha,"7,000"
Islands of Asia,Indonesia,Morop,iwo,"6,900"
Islands of Asia,Indonesia,Maba,mqa,"6,620"
Islands of Asia,Indonesia,Luhu,lcq,"6,500"
Islands of Asia,Indonesia,"Tarangan, East",tre,"6,110"
Islands of Asia,Indonesia,Kamang,woi,"6,000"
Islands of Asia,Indonesia,Kepo',kuk,"6,000"
Islands of Asia,Indonesia,Lewotobi,lwt,"6,000"
Islands of Asia,Indonesia,Putoh,put,"6,000"
Islands of Asia,Indonesia,Rajong,rjg,"6,000"
Islands of Asia,Indonesia,Sajau Basap,sjb,"6,000"
Islands of Asia,Indonesia,Wemale,weo,"6,000"
Islands of Asia,Indonesia,Kioko,ues,"5,970"
Islands of Asia,Indonesia,Bolango,bld,"5,770"
Islands of Asia,Indonesia,Ambelau,amv,"5,700"
Islands of Asia,Indonesia,Iha,ihp,"5,500"
Islands of Asia,Indonesia,Kaera,jka,"5,500"
Islands of Asia,Indonesia,Karon Dori,kgw,"5,000"
Islands of Asia,Indonesia,Kula,tpg,"5,000"
Islands of Asia,Indonesia,"Ngad'a, Eastern",nea,"5,000"
Islands of Asia,Indonesia,Rembong,reb,"5,000"
Islands of Asia,Indonesia,Moi,mxn,"4,600"
Islands of Asia,Indonesia,Taliabu,tlv,"4,520"
Islands of Asia,Indonesia,Bobot,bty,"4,500"
Islands of Asia,Indonesia,"Babar, Southeast",vbb,"4,460"
Islands of Asia,Indonesia,Barakai,baj,"4,450"
Islands of Asia,Indonesia,Lamalera,lmr,"4,000"
Islands of Asia,Indonesia,Lamatuka,lmq,"4,000"
Islands of Asia,Indonesia,Levuka,lvu,"4,000"
Islands of Asia,Indonesia,Lewo Eleng,lwe,"4,000"
Islands of Asia,Indonesia,Ma'ya,slz,"4,000"
Islands of Asia,Indonesia,"Muyu, South",kts,"4,000"
Islands of Asia,Indonesia,Watubela,wah,"4,000"
Islands of Asia,Indonesia,Laha,lhh,"3,890"
Islands of Asia,Indonesia,"Awyu, Edera",awy,"3,870"
Islands of Asia,Indonesia,Kokoda,xod,"3,700"
Islands of Asia,Indonesia,"Malay, Banda",bpq,"3,690"
Islands of Asia,Indonesia,Batuley,bay,"3,640"
Islands of Asia,Indonesia,Bati,bvt,"3,500"
Islands of Asia,Indonesia,Korowai,khe,"3,500"
Islands of Asia,Indonesia,Tamagario,tcg,"3,500"
Islands of Asia,Indonesia,Kalabra,kzz,"3,290"
Islands of Asia,Indonesia,Boano,bzn,"3,240"
Islands of Asia,Indonesia,Kur,kuv,"3,180"
Islands of Asia,Indonesia,Malimpung,mli,"3,090"
Islands of Asia,Indonesia,Adang,adn,"3,000"
Islands of Asia,Indonesia,Aghu,ahh,"3,000"
Islands of Asia,Indonesia,"Kayan, Busang",bfg,"3,000"
Islands of Asia,Indonesia,Kimaghima,kig,"3,000"
Islands of Asia,Indonesia,Liana-Seti,ste,"3,000"
Islands of Asia,Indonesia,Nasal,nsy,"3,000"
Islands of Asia,Indonesia,Sawila,swt,"3,000"
Islands of Asia,Indonesia,Uma' Lung,ulu,"3,000"
Islands of Asia,Indonesia,Wae Rana,wrx,"3,000"
Islands of Asia,Indonesia,Waioli,wli,"3,000"
Islands of Asia,Indonesia,Gane,gzn,"2,900"
Islands of Asia,Indonesia,Koneq-koneq,cml,"2,830"
Islands of Asia,Indonesia,"Damar, East",dmr,"2,800"
Islands of Asia,Philippines,Surigaonon,sgd,"501,000"
Islands of Asia,Philippines,"Bikol, Miraya",rbl,"300,000"
Islands of Asia,Philippines,"Bikol, West Albay",fbl,"260,000"
Islands of Asia,Philippines,Iranun,ilp,"241,000"
Islands of Asia,Philippines,Tandaganon,tgn,"100,000"
Islands of Asia,Philippines,Bantayanon,bfx,"71,600"
Islands of Asia,Philippines,"Bikol, Libon",lbl,"68,800"
Islands of Asia,Philippines,Yogad,yog,"17,900"
Islands of Asia,Philippines,"Binukidnon, Northern",kyn,"15,100"
Islands of Asia,Philippines,Kinabalian,cbw,"14,000"
Islands of Asia,Philippines,Baybayanon,bvy,"10,000"
Islands of Asia,Philippines,"Binukidnon, Southern",mtw,"7,570"
Islands of Asia,Philippines,"Manobo, Rajah Kabunsuwan",mqk,"7,560"
Islands of Asia,Philippines,Manide,abd,"3,800"
Islands of Asia,Philippines,"Itneg, Banao",bjx,"3,500"
Islands of Asia,Philippines,"Bontok, Southern",obk,"2,760"
Islands of Asia,Timor-Leste,Bunak,bfn,"76,000"
Islands of Asia,Timor-Leste,Kemak,kem,"72,000"
Islands of Asia,Timor-Leste,Waima'a,wmh,"18,400"
Islands of Asia,Timor-Leste,Nauete,nxa,"15,000"
Islands of Asia,Timor-Leste,Galolen,gal,"13,680"
Islands of Asia,Timor-Leste,Idaté,idt,"13,500"
Islands of Asia,Timor-Leste,Welaun,wlh,"7,080"
Islands of Asia,Timor-Leste,Lakalei,lka,"3,250"
Islands of Asia,Timor-Leste,Habun,hbu,"2,700"
Southeast Asia,Laos,Kang,kyp,"81,700"
Southeast Asia,Laos,Phunoi,pho,"39,200"
Southeast Asia,Laos,Phong-Kniang,pnx,"30,700"
Southeast Asia,Laos,"Katu, Western",kuf,"28,400"
Southeast Asia,Laos,Laopang,lbg,"9,550"
Southeast Asia,Laos,Khuen,khf,"9,000"
Southeast Asia,Laos,Tai Long,thi,"4,800"
Southeast Asia,Laos,Sila,slt,"3,860"
Southeast Asia,Laos,Saek,skb,"3,840"
Southeast Asia,Laos,Bo,bgl,"2,950"
Southeast Asia,Laos,Bit,bgk,"2,570"
Southeast Asia,Laos,Sou,sqq,"2,500"
Southeast Asia,Laos,Kiorr,xko,"2,360"
Southeast Asia,Laos,Maleng,pkt,"1,700"
Southeast Asia,Laos,Con,cno,"1,000"
Southeast Asia,Laos,Kuan,uan,890
Southeast Asia,Laos,Phana',phq,350
Southeast Asia,Laos,Tai Khang,tnu,200
Southeast Asia,Malaysia,"Melanau, Daro-Matu",dro,"7,600"
Southeast Asia,Malaysia,Sebuyau,snb,"7,000"
Southeast Asia,Malaysia,Bintulu,bny,"4,200"
Southeast Asia,Malaysia,"Lobu, Lanas",ruu,"4,000"
Southeast Asia,Malaysia,Remun,lkj,"3,500"
Southeast Asia,Malaysia,"Kayan, Rejang",ree,"3,030"
Southeast Asia,Malaysia,Mah Meri,mhe,"2,990"
Southeast Asia,Malaysia,Uma' Lasan,xky,"2,750"
Southeast Asia,Malaysia,Semaq Beri,szc,"2,000"
Southeast Asia,Malaysia,Sebop,sib,"1,730"
Southeast Asia,Malaysia,Minokok,mqq,"1,200"
Southeast Asia,Malaysia,Orang Seletar,ors,"1,200"
Southeast Asia,Malaysia,Batek,btq,"1,000"
Southeast Asia,Malaysia,"Bidayuh, Tringgus-Sembaan",trx,850
Southeast Asia,Malaysia,"Kadazan, Klias River",kqt,800
Southeast Asia,Malaysia,Sekapan,skp,750
Southeast Asia,Malaysia,Semnam,ssm,670
Southeast Asia,Malaysia,Long Wat,ttw,600
Southeast Asia,Malaysia,Tring,tgq,550
Southeast Asia,Malaysia,Cheq Wong,cwg,460
Southeast Asia,Malaysia,Kiput,kyi,450
Southeast Asia,Malaysia,"Penan, Bah-Biau",pna,450
Southeast Asia,Malaysia,Lahanan,lhn,350
Southeast Asia,Malaysia,"Melanau, Kanowit-Tanjong",kxn,200
Southeast Asia,Malaysia,Ukit,umi,150
Southeast Asia,Malaysia,Kintaq,knq,111
Southeast Asia,Malaysia,Minriq,mnq,100
Southeast Asia,Malaysia,Sihan,spg,50
Southeast Asia,Malaysia,Punan Batu,pnm,30
Southeast Asia,Myanmar,"Palaung, Shwe",pll,"233,000"
Southeast Asia,Myanmar,Tai Laing,tjl,"100,000"
Southeast Asia,Myanmar,Intha,int,"90,000"
Southeast Asia,Myanmar,"Karen, Geko",ghk,"17,000"
Southeast Asia,Myanmar,"Chin, Laitu",clj,"15,000"
Southeast Asia,Myanmar,"Chin, Sumtu",csv,"14,000"
Southeast Asia,Myanmar,Samtao,stu,"13,070"
Southeast Asia,Myanmar,Riang Lai,yin,"12,000"
Southeast Asia,Myanmar,Zayein,kxk,"11,800"
Southeast Asia,Myanmar,Lahta,kvt,"9,550"
Southeast Asia,Myanmar,Kanan,zkn,"9,000"
Southeast Asia,Myanmar,"Naga, Chen-Kayu",nqq,"9,000"
Southeast Asia,Myanmar,"Chin, Songlai",csj,"7,300"
Southeast Asia,Myanmar,"Karen, Paku",jkp,"6,710"
Southeast Asia,Myanmar,"Chin, Rawngtu",weu,"5,000"
Southeast Asia,Myanmar,"Naga, Ponyo-Gongwang",npg,"4,500"
Southeast Asia,Myanmar,"Chin, Rungtu",rtc,"4,000"
Southeast Asia,Myanmar,"Karen, Mobwa",jkm,"4,000"
Southeast Asia,Myanmar,Danau,dnu,"2,000"
Southeast Asia,Myanmar,"Chin, Thaiphum",cth,"1,000"
Southeast Asia,Myanmar,"Naga, Akyaung Ari",nqy,"1,000"
Southeast Asia,Myanmar,"Naga, Lao",nlq,"1,000"
Southeast Asia,Thailand,Phuan,phu,"307,000"
Southeast Asia,Thailand,Nyaw,nyw,"80,000"
Southeast Asia,Thailand,Yoy,yoy,"9,000"
Southeast Asia,Thailand,"Karen, Phrae Pwo",kjt,"6,000"
Southeast Asia,Thailand,Nyeu,nyl,"3,000"
Southeast Asia,Thailand,Moklen,mkm,"1,500"
Southeast Asia,Thailand,Mpi,mpz,900
Southeast Asia,Thailand,Aheu,thm,700
Southeast Asia,Thailand,Mlabri,mra,440
Southeast Asia,Vietnam,Tai Daeng,tyr,"105,000"
Southeast Asia,Vietnam,Kucong,lkc,"45,400"
Southeast Asia,Vietnam,Puoc,puo,"33,170"
Southeast Asia,Vietnam,"Mnong, Southern",mnn,"30,000"
Southeast Asia,Vietnam,Phuong,phg,"15,100"
Southeast Asia,Vietnam,Khao,xao,"10,000"
Southeast Asia,Vietnam,Phula,phh,"10,000"
Southeast Asia,Vietnam,Ts'ün-Lao,tsl,"10,000"
Southeast Asia,Vietnam,Tai Yo,tyj,"7,500"
Southeast Asia,Vietnam,Takua,tkz,"6,000"
Southeast Asia,Vietnam,Todrah,tdr,"6,000"
Southeast Asia,Vietnam,Khua,xhv,"5,000"
Southeast Asia,Vietnam,Mang,zng,"4,200"
Southeast Asia,Vietnam,Katua,kta,"4,000"
Southeast Asia,Vietnam,"Roglai, Cacgia",roc,"3,000"
Southeast Asia,Vietnam,Côông,cnc,"2,030"
Southeast Asia,Vietnam,Nguôn,nuo,"1,760"
Southeast Asia,Vietnam,Mantsi,nty,"1,100"
Southeast Asia,Vietnam,Ná-Meo,neo,"1,000"
Southeast Asia,Vietnam,Laghuu,lgh,800
Southeast Asia,Vietnam,Qabiao,laq,708
Southeast Asia,Vietnam,Tày Sa Pa,tys,300
Southeast Asia,Vietnam,En,enc,200
Southeast Asia,Vietnam,Romam,rmx,200
Southeast Asia,Vietnam,Thu Lao,tyl,200
South Asia,Bangladesh,War-Jaintia,aml,"67,600"
South Asia,Bangladesh,Tangchangya,tnv,"21,600"
South Asia,Bangladesh,Megam,mef,"6,870"
South Asia,Bangladesh,Chak,ckh,"4,000"
South Asia,Bangladesh,Pangkhua,pkh,"2,400"
South Asia,Bhutan,Chocangacakha,cgk,"30,000"
South Asia,Bhutan,Dzalakha,dzl,"22,000"
South Asia,Bhutan,Kurtokha,xkz,"15,000"
South Asia,Bhutan,Nyenkha,neh,"10,000"
South Asia,Bhutan,Lakha,lkh,"8,000"
South Asia,Bhutan,Brokpake,sgt,"5,000"
South Asia,Bhutan,Lhokpu,lhp,"2,500"
South Asia,Bhutan,Gongduk,goe,"2,100"
South Asia,Bhutan,Chalikha,tgf,"1,500"
South Asia,Bhutan,Layakha,lya,"1,100"
South Asia,Bhutan,Lunanakha,luk,700
South Asia,Bhutan,Olekha,ole,500
South Asia,India,Godwari,gdx,"3,000,000"
South Asia,India,"Lohar, Gade",gda,"500,000"
South Asia,India,Andh,anr,"100,000"
South Asia,India,Hinduri,hii,"47,800"
South Asia,India,Mukha-Dora,mmk,"29,700"
South Asia,India,Kurichiya,kfh,"29,400"
South Asia,India,Malavedan,mjr,"27,000"
South Asia,India,"Kurumba, Mullu",kpb,"26,000"
South Asia,India,Kharia Thar,ksy,"25,000"
South Asia,India,Nahari,nhh,"20,400"
South Asia,India,Kanikkaran,kev,"19,000"
South Asia,India,Malankuravan,mjo,"18,600"
South Asia,India,"Koraga, Korra",kfd,"14,000"
South Asia,India,Lyngngam,lyg,"12,600"
South Asia,India,Changthang,cna,"10,100"
South Asia,India,Andaman Hindi Creole,hca,"10,000"
South Asia,India,Atong,aot,"10,000"
South Asia,India,Brokskat,bkk,"10,000"
South Asia,India,Kumbaran,wkb,"10,000"
South Asia,India,"Monpa, Tawang",twm,"9,900"
South Asia,India,Paliyan,pcf,"9,520"
South Asia,India,Bhalay,bhx,"8,670"
South Asia,India,"Monpa, Kalaktang",kkf,"8,000"
South Asia,India,"Nicobarese, Southern",nik,"7,500"
South Asia,India,Rongpo,rnp,"7,500"
South Asia,India,"Kinnauri, Bhoti",nes,"6,790"
South Asia,India,Chaura,crv,"5,910"
South Asia,India,Malapandaram,mjp,"5,850"
South Asia,India,Eravallan,era,"5,000"
South Asia,India,Sherdukpen,sdp,"5,000"
South Asia,India,Kurmukar,kfv,"3,000"
South Asia,India,"Naga, Puimei",npu,"3,000"
South Asia,India,Thachanadan,thn,"3,000"
South Asia,India,Kudiya,kfg,"2,800"
South Asia,India,Stod Bhoti,sbu,"2,500"
South Asia,India,Lish,lsh,"2,340"
South Asia,India,Shumcho,scu,"2,170"
South Asia,India,Teressa,tef,"2,080"
South Asia,India,Phake,phk,"2,000"
South Asia,India,Jangshung,jna,"1,990"
South Asia,India,Kadar,kej,"1,960"
South Asia,India,Chaudangsi,cdn,"1,830"
South Asia,India,Darmiya,drd,"1,750"
South Asia,India,"Koraga, Mudu",vmd,"1,582"
South Asia,India,Aiton,aio,"1,500"
South Asia,India,Na,nbt,"1,500"
South Asia,India,Kanashi,xns,"1,400"
South Asia,India,"Kinnauri, Chitkuli",cik,"1,400"
South Asia,India,Kunduvadi,wku,"1,000"
South Asia,India,Pathiya,pty,"1,000"
South Asia,India,Kota,kfe,930
South Asia,India,Korlai Portuguese Creole,vkp,800
South Asia,India,Khamba,kbg,775
South Asia,India,Kalanadi,wkl,750
South Asia,India,"Lohar, Lahul",lhl,750
South Asia,India,Tukpa,tpq,610
South Asia,India,Chug,cvg,600
South Asia,India,Sunam,ssk,560
South Asia,India,Shom Peng,sii,400
South Asia,India,Jarawa,anq,340
South Asia,India,Jad,jda,300
South Asia,India,Sentinel,std,250
South Asia,India,Chinali,cih,220
South Asia,India,Aranadan,aaf,200
South Asia,India,Vishavan,vis,150
South Asia,India,Öñge,oon,94
South Asia,Nepal,Nachering,ncd,"10,000,600"
South Asia,Nepal,"Tamang, Northwestern",tmk,"67,200"
South Asia,Nepal,"Kham, Sheshi",kip,"20,000"
South Asia,Nepal,"Kham, Eastern Parbate",kif,"10,000"
South Asia,Nepal,Mugom,muk,"7,000"
South Asia,Nepal,Puma,pum,"6,690"
South Asia,Nepal,Dungmali,raa,"6,260"
South Asia,Nepal,Thakali,ths,"5,240"
South Asia,Nepal,Tsum,ttz,"4,790"
South Asia,Nepal,"Ghale, Northern",ghh,"4,440"
South Asia,Nepal,"Tamang, Eastern Gorkha",tge,"3,980"
South Asia,Nepal,Raji,rji,"3,760"
South Asia,Nepal,Chantyal,chx,"3,730"
South Asia,Nepal,Chhintang,ctn,"3,710"
South Asia,Nepal,"Yamphu, Southern",lrr,"2,500"
South Asia,Nepal,Tichurong,tcn,"2,420"
South Asia,Nepal,Chhulung,cur,"2,050"
South Asia,Nepal,Kaike,kzq,"2,000"
South Asia,Nepal,Nubri,kte,"2,000"
South Asia,Nepal,Jerung,jee,"1,760"
South Asia,Nepal,Wayu,vay,"1,520"
South Asia,Nepal,Koi,kkt,"1,270"
South Asia,Nepal,"Yakkha, Chhathare",luu,"1,200"
South Asia,Nepal,Nar Phu,npa,999
South Asia,Nepal,Kuke,ght,900
South Asia,Nepal,Belhariya,byw,600
South Asia,Nepal,Raute,rau,460
South Asia,Nepal,Nyeshangte,nmm,390
East Africa,Ethiopia,Hozo,hoz,"6,000"
East Africa,Ethiopia,Shabo,sbf,400
East Africa,Ethiopia,Daatsʼíin,dtn,300
East Africa,Kenya,Keiyo,eyo,"314,000"
East Africa,Kenya,Terik,tec,"301,000"
East Africa,Kenya,Olumarachi,lri,"155,000"
East Africa,Kenya,Olumarama,lrm,"152,500"
East Africa,Kenya,Olushisa,lks,"137,000"
East Africa,Kenya,Olukhayo,lko,"125,000"
East Africa,Kenya,Mwimbi-Muthambi,mws,"70,000"
East Africa,South Sudan,Jur Modo,bex,"180,000"
East Africa,South Sudan,Lokoya,lky,"85,000"
East Africa,South Sudan,Belanda Viri,bvi,"73,000"
East Africa,South Sudan,Baka,bdh,"62,300"
East Africa,South Sudan,Olu'bo,lul,"33,000"
East Africa,South Sudan,Belanda Bor,bxb,"26,000"
East Africa,South Sudan,Dongotono,ddd,"5,000"
East Africa,South Sudan,Nyamusa-Molo,nwm,"1,630"
East Africa,Sudan,Zaghawa,zag,"347,900"
East Africa,Sudan,Tegali,ras,"99,000"
East Africa,Sudan,"Daju, Dar Fur",daj,"98,000"
East Africa,Sudan,Midob,mei,"85,000"
East Africa,Sudan,Dagik,dec,"61,000"
East Africa,Sudan,Tagoi,tag,"27,000"
East Africa,Sudan,Katla,kcr,"25,000"
East Africa,Sudan,Kanga,kcp,"15,000"
East Africa,Sudan,Tumtum,tbr,"15,000"
East Africa,Sudan,Temein,teq,"13,000"
East Africa,Sudan,Ngile,jle,"11,700"
East Africa,Sudan,Wali,wll,"9,000"
East Africa,Sudan,Lafofa,laf,"5,140"
East Africa,Sudan,Afitti,aft,"4,000"
East Africa,Sudan,Ganza,gza,"3,000"
East Africa,Sudan,Tocho,taz,"2,650"
East Africa,Sudan,Tulishi,tey,"2,500"
East Africa,Sudan,Logorik,liu,"2,000"
East Africa,Sudan,Tese,keg,"1,400"
East Africa,Sudan,Warnang,wrn,"1,100"
East Africa,Sudan,Nding,eli,400
East Africa,Tanzania,Nyambo,now,"381,000"
East Africa,Tanzania,Sumbwa,suw,"361,000"
East Africa,Tanzania,Rombo,rof,"202,000"
East Africa,Tanzania,Subi,xsj,"105,000"
East Africa,Tanzania,Kimbu,kiv,"62,700"
East Africa,Tanzania,Cutchi-Swahili,ccl,"45,000"
East Africa,Tanzania,Tongwe,tny,"37,700"
East Africa,Tanzania,"Nyika, Tanzania",nkt,"25,000"
East Africa,Tanzania,Rungwa,rnw,"18,000"
East Africa,Tanzania,Vinza,vin,"10,000"
East Africa,Tanzania,Kahe,hka,"9,130"
East Africa,Tanzania,Magoma,gmx,"9,000"
East Africa,Tanzania,Rufiji,rui,"6,450"
East Africa,Tanzania,Wanda,wbh,180
Southern Africa,Angola,Hungu,hng,"500,000"
Southern Africa,Angola,Mbwela,mfu,"222,000"
Southern Africa,Angola,Kuvale,olu,"70,000"
Southern Africa,Angola,Sama,smd,"24,200"
Southern Africa,Angola,Ndombe,ndq,"22,300"
Southern Africa,Angola,Mpinda,pnd,"18,000"
Southern Africa,Angola,Ngandyera,nne,"13,100"
Southern Africa,Angola,Nyengo,nye,"9,380"
Southern Africa,Angola,Ngendelengo,nql,900
Southern Africa,Botswana,Birwa,brl,"71,000"
Southern Africa,Botswana,Tswapong,two,"5,380"
Southern Africa,Botswana,ǀGwi,gwj,"1,470"
Southern Africa,Botswana,ǁAni,hnh,"1,000"
Southern Africa,Botswana,Kua ,tyu,820
Southern Africa,Mozambique,Marenje,vmr,"588,000"
Southern Africa,Mozambique,Makhuwa-Marrevone,xmc,"438,000"
Southern Africa,Mozambique,Makhuwa-Saka,xsq,"432,000"
Southern Africa,Mozambique,Manyawa,mny,"219,000"
Southern Africa,Mozambique,Nathembo,nte,"51,000"
Southern Africa,Mozambique,Maindo,cwb,"43,000"
Southern Africa,Mozambique,Barwe,bwg,"34,000"
Southern Africa,Mozambique,Phimbi,phm,"12,800"
Southern Africa,Mozambique,Dema,dmx,"11,000"
Central Africa,Central African Republic,Banda-Banda,bpd,"102,000"
Central Africa,Central African Republic,Mbati,mdn,"60,000"
Central Africa,Central African Republic,Banda-Mbrès,bqk,"42,500"
Central Africa,Central African Republic,Banda-Ndélé,bfl,"35,500"
Central Africa,Central African Republic,Ali,aiy,"35,000"
Central Africa,Central African Republic,"Sango, Riverain",snj,"34,500"
Central Africa,Central African Republic,Ngbaka Manza,ngg,"29,000"
Central Africa,Central African Republic,Banda-Yangere,yaj,"26,500"
Central Africa,Central African Republic,Bofi,bff,"23,500"
Central Africa,Central African Republic,Sara Kaba,sbz,"13,600"
Central Africa,Central African Republic,Yulu,yul,"13,000"
Central Africa,Central African Republic,Ngombe,nmj,"11,600"
Central Africa,Congo,Teke-Tsaayi,tyi,"95,900"
Central Africa,Congo,Likwala,kwc,"79,000"
Central Africa,Congo,Ombamba,mbm,"23,000"
Central Africa,Congo,Monzombo,moj,"20,600"
Central Africa,Congo,Bomitaba,zmx,"16,500"
Central Africa,Democratic Republic of the Congo,Seba,kdg,"167,000"
Central Africa,Democratic Republic of the Congo,Lengola,lej,"100,000"
Central Africa,Democratic Republic of the Congo,Mituku,zmq,"50,900"
Central Africa,Democratic Republic of the Congo,Songomeno,soe,"50,000"
Central Africa,Democratic Republic of the Congo,Ligenza,lgz,"43,000"
Central Africa,Democratic Republic of the Congo,Mabaale,mmz,"42,000"
Central Africa,Democratic Republic of the Congo,Lwalu,lwa,"41,000"
Central Africa,Democratic Republic of the Congo,Yela,yel,"33,000"
Central Africa,Democratic Republic of the Congo,Bendi,bct,"32,000"
Central Africa,Democratic Republic of the Congo,Lele,lel,"26,000"
Central Africa,Democratic Republic of the Congo,Barambu,brm,"25,600"
Central Africa,Democratic Republic of the Congo,Ndaka,ndk,"25,000"
Central Africa,Democratic Republic of the Congo,Bomboma,bws,"23,000"
Central Africa,Democratic Republic of the Congo,Pambia,pmb,"21,000"
Central Africa,Democratic Republic of the Congo,Boma,boh,"20,500"
Central Africa,Democratic Republic of the Congo,Baloi,biz,"20,000"
Central Africa,Democratic Republic of the Congo,Bamwe,bmg,"20,000"
Central Africa,Democratic Republic of the Congo,Tagbu,tbm,"17,000"
Central Africa,Democratic Republic of the Congo,Enya,gey,"15,000"
Central Africa,Democratic Republic of the Congo,Ngelima,agh,"13,600"
Central Africa,Democratic Republic of the Congo,Foma,fom,"13,000"
Central Africa,Democratic Republic of the Congo,Hamba,hba,"13,000"
Central Africa,Democratic Republic of the Congo,Songo,soo,"13,000"
Central Africa,Democratic Republic of the Congo,Yamongeri,ymg,"13,000"
Central Africa,Democratic Republic of the Congo,Lombi,lmi,"12,000"
Central Africa,Democratic Republic of the Congo,Bangba,bbe,"11,000"
Central Africa,Democratic Republic of the Congo,Mbo,zmw,"11,000"
Francophone West Africa,Benin,"Gbe, Ayizo",ayb,"476,000"
Francophone West Africa,Benin,"Nago, Southern",nqg,"200,000"
Francophone West Africa,Benin,"Gbe, Kotafon",kqk,"162,000"
Francophone West Africa,Benin,"Gbe, Western Xwla",xwl,"80,000"
Francophone West Africa,Benin,Aguna,aug,"28,000"
Francophone West Africa,Benin,"Ede Nago, Kura",nqk,"25,000"
Francophone West Africa,Benin,Notre,bly,"1,500"
Francophone West Africa,Burkina Faso,"Sénoufo, Nanerigé",sen,"50,000"
Francophone West Africa,Burkina Faso,"Sénoufo, Senara",seq,"50,000"
Francophone West Africa,Burkina Faso,Bolon,bof,"22,920"
Francophone West Africa,Burkina Faso,Viemo,vig,"8,000"
Francophone West Africa,Burkina Faso,Pana,pnq,"7,800"
Francophone West Africa,Burkina Faso,Wara,wbf,"4,500"
Francophone West Africa,Burkina Faso,Kpeego,cpo,"2,000"
Francophone West Africa,Cameroon,Ngamambo,nbv,"108,000"
Francophone West Africa,Cameroon,"Giziga, North",gis,"20,000"
Francophone West Africa,Cameroon,Isu,isu,"15,400"
Francophone West Africa,Cameroon,Kol,biw,"12,000"
Francophone West Africa,Cameroon,Kwakum,kwu,"10,000"
Francophone West Africa,Cameroon,Usaghade,usk,"10,000"
Francophone West Africa,Cameroon,Befang,bby,"9,000"
Francophone West Africa,Cameroon,Weh,weh,"8,000"
Francophone West Africa,Cameroon,Manta,myg,"6,500"
Francophone West Africa,Cameroon,Malgbe,mxf,"6,000"
Francophone West Africa,Cameroon,Sharwa,swq,"5,100"
Francophone West Africa,Cameroon,Afade,aal,"5,000"
Francophone West Africa,Cameroon,Ambele,ael,"5,000"
Francophone West Africa,Cameroon,Bassossi,bsi,"5,000"
Francophone West Africa,Cameroon,Caka,ckx,"5,000"
Francophone West Africa,Cameroon,Dugwor,dme,"5,000"
Francophone West Africa,Cameroon,Laimbue,lmx,"5,000"
Francophone West Africa,Cameroon,Nubaca,baf,"4,500"
Francophone West Africa,Cameroon,Atong,ato,"4,200"
Francophone West Africa,Cameroon,Kuk,kfn,"3,600"
Francophone West Africa,Cameroon,Busam,bxs,"3,400"
Francophone West Africa,Cameroon,Barombi,bbi,"3,000"
Francophone West Africa,Cameroon,Beba,bfp,"3,000"
Francophone West Africa,Cameroon,Gimme,kmp,"3,000"
Francophone West Africa,Cameroon,Gimnime,gmn,"3,000"
Francophone West Africa,Cameroon,Koshin,kid,"3,000"
Francophone West Africa,Cameroon,Naki,mff,"3,000"
Francophone West Africa,Cameroon,Wawa,www,"3,000"
Francophone West Africa,Cameroon,Dek,dek,"2,980"
Francophone West Africa,Cameroon,Longto,wok,"2,400"
Francophone West Africa,Cameroon,Tsuvan,tsh,"2,300"
Francophone West Africa,Cameroon,Balo,bqo,"2,230"
Francophone West Africa,Cameroon,Nkongho,nkc,"2,230"
Francophone West Africa,Cameroon,Zhoa,zhw,"2,000"
Francophone West Africa,Cameroon,Kendem,kvm,"1,900"
Francophone West Africa,Cameroon,Mungbam,mij,"1,850"
Francophone West Africa,Cameroon,Jina,jia,"1,500"
Francophone West Africa,Cameroon,Mbo',mtk,"1,490"
Francophone West Africa,Cameroon,Mbonga,xmb,"1,490"
Francophone West Africa,Cameroon,Akum,aku,"1,400"
Francophone West Africa,Cameroon,Tibea,ngy,"1,400"
Francophone West Africa,Cameroon,Tuotomb,ttf,"1,000"
Francophone West Africa,Côte d'Ivoire,Anyin Morofo,mtb,"300,000"
Francophone West Africa,Côte d'Ivoire,"Sénoufo, Shempire",seb,"114,800"
Francophone West Africa,Côte d'Ivoire,"Dida, Lakota",dic,"93,800"
Francophone West Africa,Côte d'Ivoire,Koro,kfo,"58,000"
Francophone West Africa,Côte d'Ivoire,Kla-Dan,lda,"25,000"
Francophone West Africa,Côte d'Ivoire,Wan,wan,"22,000"
Francophone West Africa,Côte d'Ivoire,Beng,nhb,"17,000"
Francophone West Africa,Côte d'Ivoire,Krobu,kxb,"9,920"
Francophone West Africa,Côte d'Ivoire,"Aizi, Tiagbamrin",ahi,"9,000"
Francophone West Africa,Côte d'Ivoire,Loma,loi,"8,010"
Francophone West Africa,Côte d'Ivoire,Khisa,kqm,"8,000"
Francophone West Africa,Côte d'Ivoire,Guébie,gie,"7,000"
Francophone West Africa,Côte d'Ivoire,Daho-Doo,das,"4,000"
Francophone West Africa,Côte d'Ivoire,Ega,ega,"2,500"
Francophone West Africa,Côte d'Ivoire,Wané,hwa,"2,100"
Francophone West Africa,Côte d'Ivoire,Kodia,kwp,840
Francophone West Africa,Guinea,Zialo,zil,"25,000"
Francophone West Africa,Guinea,Nalu,naj,"23,300"
Francophone West Africa,Guinea,Kakabe,kke,"10,000"
Francophone West Africa,Guinea,"Limba, East",lma,"4,700"
Francophone West Africa,Guinea,Baga Manduri,bmd,"4,000"
Francophone West Africa,Mali,"Dogon, Tene Kan",dtk,"127,000"
Francophone West Africa,Mali,"Dogon, Bondum Dom",dbu,"24,700"
Francophone West Africa,Mali,"Dogon, Dogul Dom",dbg,"15,700"
Francophone West Africa,Mali,Kagoro,xkg,"15,000"
Francophone West Africa,Mali,"Dogon, Ampari",aqd,"5,200"
Francophone West Africa,Mali,"Dogon, Tiranige Diga",tde,"4,200"
Francophone West Africa,Mali,"Dogon, Ben Tey",dbt,"3,000"
Francophone West Africa,Mali,"Dogon, Nanga Dama",nzz,"3,000"
Francophone West Africa,Mali,"Dogon, Tebul Ure",dtu,"3,000"
Francophone West Africa,Mali,Tondi Songway Kiini,tst,"3,000"
Francophone West Africa,Mali,"Dogon, Toro Tegu",dtt,"2,900"
Francophone West Africa,Mali,"Bozo, Tiemacèwè",boo,"2,500"
Francophone West Africa,Mali,Bangime,dba,"2,000"
Francophone West Africa,Mali,"Dogon, Yanda Dom",dym,"2,000"
Francophone West Africa,Mali,"Dogon, Bankan Tey",dbw,"1,320"
Francophone West Africa,Mali,"Dogon, Bunoge",dgb,"1,000"
Francophone West Africa,Senegal,Kerak,hhr,"18,200"
Francophone West Africa,Senegal,Laalaa,cae,"16,900"
Francophone West Africa,Senegal,Paloor,fap,"14,500"
Francophone West Africa,Senegal,Mlomp,mlo,"7,500"
Anglophone West Africa,Ghana,Wasa,wss,"273,000"
Anglophone West Africa,Ghana,Cherepon,cpn,"132,000"
Anglophone West Africa,Ghana,Larteh,lar,"107,000"
Anglophone West Africa,Ghana,Ligbi,lig,"19,000"
Anglophone West Africa,Ghana,Jwira-Pepesa,jwi,"18,000"
Anglophone West Africa,Ghana,Gua,gwx,"17,600"
Anglophone West Africa,Ghana,Nkami,nkq,"7,000"
Anglophone West Africa,Ghana,Adangbe,adq,"4,000"
Anglophone West Africa,Ghana,Chala,cll,"3,000"
Anglophone West Africa,Ghana,Kamara,jmr,"3,000"
Anglophone West Africa,Ghana,Kantosi,xkt,"2,300"
Anglophone West Africa,Ghana,Ghanaian Pidgin English,gpe,"2,000"
Anglophone West Africa,Ghana,Nchumbulu,nlu,"1,800"
Anglophone West Africa,Ghana,Kplang,kph,"1,600"
Anglophone West Africa,Liberia,"Grebo, Southern",grj,"170,000"
Anglophone West Africa,Liberia,Manya,mzj,"106,100"
Anglophone West Africa,Liberia,"Grebo, Gboloo",gec,"104,000"
Anglophone West Africa,Liberia,"Grebo, Central",grv,"49,500"
Anglophone West Africa,Liberia,"Grebo, Barclayville",gry,"40,500"
Anglophone West Africa,Liberia,Tajuasohn,tja,"18,000"
Anglophone West Africa,Liberia,Dewoin,dee,"13,500"
Anglophone West Africa,Liberia,Glio-Oubi,oub,"6,650"
Anglophone West Africa,Nigeria,Anaang,anw,"2,740,000"
Anglophone West Africa,Nigeria,Esan,ish,"619,000"
Anglophone West Africa,Nigeria,Tee,tkq,"425,000"
Anglophone West Africa,Nigeria,Ekit,eke,"412,000"
Anglophone West Africa,Nigeria,Bata,bta,"289,500"
Anglophone West Africa,Nigeria,Enai-Iuleha-Ora,ema,"220,000"
Anglophone West Africa,Nigeria,Bole,bol,"216,000"
Anglophone West Africa,Nigeria,Gera,gew,"200,000"
Anglophone West Africa,Nigeria,Kofyar,kwl,"110,000"
Anglophone West Africa,Nigeria,Oring,org,"75,000"
Anglophone West Africa,Nigeria,Oro,orx,"75,000"
Anglophone West Africa,Nigeria,Eruwa,erh,"64,000"
Anglophone West Africa,Nigeria,Bitare,brt,"52,300"
Anglophone West Africa,Nigeria,Ikulu,ikl,"50,000"
Anglophone West Africa,Nigeria,Nungu,rin,"50,000"
Anglophone West Africa,Nigeria,Okobo,okb,"50,000"
Anglophone West Africa,Nigeria,Igwe,igw,"47,800"
Anglophone West Africa,Nigeria,Jara,jaf,"46,300"
Anglophone West Africa,Nigeria,Kurama,krh,"40,300"
Anglophone West Africa,Nigeria,Oko-Eni-Osayen,oks,"39,300"
Anglophone West Africa,Nigeria,Okpamheri,opa,"30,000"
Anglophone West Africa,Nigeria,Akpa,akf,"26,900"
Anglophone West Africa,Nigeria,Fyer,fie,"26,100"
Anglophone West Africa,Nigeria,Gyong,kdm,"25,400"
Anglophone West Africa,Nigeria,Okpe,oke,"25,400"
Anglophone West Africa,Nigeria,Batu,btu,"25,000"
Anglophone West Africa,Nigeria,Iyayu,iya,"24,700"
Anglophone West Africa,Nigeria,Gvoko,ngs,"21,000"
Anglophone West Africa,Nigeria,Uneme,une,"19,800"
Anglophone West Africa,Nigeria,Uvbie,evh,"19,800"
Anglophone West Africa,Nigeria,Mboi,moi,"19,000"
Anglophone West Africa,Nigeria,Ukaan,kcf,"18,000"
Anglophone West Africa,Nigeria,Korop,krp,"17,640"
Anglophone West Africa,Nigeria,Tso,ldp,"16,000"
Anglophone West Africa,Nigeria,Yukuben,ybl,"15,950"
Anglophone West Africa,Nigeria,Baangi,bqx,"15,000"
Anglophone West Africa,Nigeria,Enwan,enw,"15,000"
Anglophone West Africa,Nigeria,Etebi,etb,"15,000"
Anglophone West Africa,Nigeria,Gupa-Abawa,gpa,"15,000"
Anglophone West Africa,Nigeria,Kyanga,tye,"15,000"
Anglophone West Africa,Nigeria,Ehueun,ehu,"14,200"
Anglophone West Africa,Nigeria,Ukue,uku,"14,100"
Anglophone West Africa,Nigeria,Giiwo,kks,"14,000"
Anglophone West Africa,Nigeria,Uhami,uha,"13,600"
Anglophone West Africa,Nigeria,Sasaru,sxs,"12,500"
Anglophone West Africa,Nigeria,Amo,amo,"12,300"
Anglophone West Africa,Nigeria,Ogbronuagum,ogu,"12,000"
Anglophone West Africa,Nigeria,Bumaji,byp,"11,400"
Anglophone West Africa,Nigeria,Doka,dbi,"11,400"
Anglophone West Africa,Nigeria,Duwai,dbp,"11,400"
Anglophone West Africa,Nigeria,Lubila,kcc,"11,400"
Anglophone West Africa,Nigeria,Ukpet-Ehom,akd,"11,400"
Anglophone West Africa,Nigeria,Ubang,uba,"11,100"
Anglophone West Africa,Nigeria,Evant,bzz,"11,000"
Anglophone West Africa,Nigeria,Vemgo-Mabas,vem,"11,000"
Anglophone West Africa,Nigeria,Akpes,ibe,"10,000"
Anglophone West Africa,Nigeria,Boga,bvw,"10,000"
Anglophone West Africa,Nigeria,Gaa,ttb,"10,000"
Anglophone West Africa,Nigeria,Ibino,ibn,"10,000"
Anglophone West Africa,Nigeria,Kaan,ldl,"10,000"
Anglophone West Africa,Nigeria,Kamantan,kci,"10,000"
Anglophone West Africa,Nigeria,Kwaami,ksq,"10,000"
Anglophone West Africa,Nigeria,Kyak,bka,"10,000"
Anglophone West Africa,Nigeria,Lame,bma,"10,000"
Anglophone West Africa,Nigeria,Leyigha,ayi,"10,000"
Anglophone West Africa,Nigeria,Maaka,mew,"10,000"
Anglophone West Africa,Nigeria,Ogbogolo,ogg,"10,000"
Anglophone West Africa,Nigeria,Shoo-Minda-Nye,bcv,"10,000"
Anglophone West Africa,Nigeria,Uda,uda,"10,000"
Anglophone West Africa,Nigeria,Shall-Zwall,sha,"8,900"
Anglophone West Africa,Nigeria,Tanjijili,uji,"8,540"
Anglophone West Africa,Nigeria,Pa'a,pqa,"8,000"
Anglophone West Africa,Nigeria,Pye,pai,"8,000"
Anglophone West Africa,Nigeria,Bina,byj,"7,000"
Anglophone West Africa,Nigeria,Kwa,kwb,"7,000"
Anglophone West Africa,Nigeria,Mala,ruy,"6,630"
Anglophone West Africa,Nigeria,Efai,efa,"6,320"
Anglophone West Africa,Nigeria,Zizilivakan,ziz,"6,200"
Anglophone West Africa,Nigeria,Iguta,nar,"6,120"
Anglophone West Africa,Nigeria,Miship,mjs,"6,000"
Anglophone West Africa,Nigeria,Idesa,ids,"5,690"
Anglophone West Africa,Nigeria,Mak,pbl,"5,690"
Anglophone West Africa,Nigeria,Kono,klk,"5,520"
Anglophone West Africa,Nigeria,"Acipa, Eastern",acp,"5,000"
Anglophone West Africa,Nigeria,Asu,aum,"5,000"
Anglophone West Africa,Nigeria,Baan,bvj,"5,000"
Anglophone West Africa,Nigeria,Dong,doh,"5,000"
Anglophone West Africa,Nigeria,Ebughu,ebg,"5,000"
Anglophone West Africa,Nigeria,Eki,eki,"5,000"
Anglophone West Africa,Nigeria,Gudu,gdu,"5,000"
Anglophone West Africa,Nigeria,Ibuoro,ibr,"5,000"
Anglophone West Africa,Nigeria,Idere,ide,"5,000"
Anglophone West Africa,Nigeria,Iko,iki,"5,000"
Anglophone West Africa,Nigeria,Ito,itw,"5,000"
Anglophone West Africa,Nigeria,Itu Mbon Uzo,itm,"5,000"
Anglophone West Africa,Nigeria,Kami,kmi,"5,000"
Anglophone West Africa,Nigeria,Kugama,kow,"5,000"
Anglophone West Africa,Nigeria,Kusur-Myet,tdl,"5,000"
Anglophone West Africa,Nigeria,Laka,lak,"5,000"
Anglophone West Africa,Nigeria,Laru,lan,"5,000"
Anglophone West Africa,Nigeria,Lopa,lop,"5,000"
Anglophone West Africa,Nigeria,Nkari,nkz,"5,000"
Anglophone West Africa,Nigeria,Uzekwe,eze,"5,000"
Anglophone West Africa,Nigeria,Waka,wav,"5,000"
Anglophone West Africa,Nigeria,Wom,wom,"5,000"
Anglophone West Africa,Nigeria,Nkoroo,nkx,"4,550"
Anglophone West Africa,Nigeria,Gengle,geg,"4,000"
Anglophone West Africa,Nigeria,Teme,tdo,"4,000"
Anglophone West Africa,Nigeria,Wannu,jub,"4,000"
Anglophone West Africa,Nigeria,Toro,tdv,"3,930"
Anglophone West Africa,Nigeria,Okodia,okd,"3,600"
Anglophone West Africa,Nigeria,Panawa,pwb,"3,500"
Anglophone West Africa,Nigeria,Jiru,jrr,"3,420"
Anglophone West Africa,Nigeria,Kumba,ksm,"3,420"
Anglophone West Africa,Nigeria,Lamja-Dengsa-Tola,ldh,"3,420"
Anglophone West Africa,Nigeria,Obulom,obu,"3,420"
Anglophone West Africa,Nigeria,Tita,tdq,"3,420"
Anglophone West Africa,Nigeria,Kir-Balar,kkr,"3,050"
Anglophone West Africa,Nigeria,Ake,aik,"3,000"
Anglophone West Africa,Nigeria,Ayere,aye,"3,000"
Anglophone West Africa,Nigeria,Cineni,cie,"3,000"
Anglophone West Africa,Nigeria,Ganang,gne,"3,000"
Anglophone West Africa,Nigeria,Hasha,ybj,"3,000"
Anglophone West Africa,Nigeria,Kinuku,kkd,"3,000"
Anglophone West Africa,Nigeria,Koenoem,kcs,"3,000"
Anglophone West Africa,Nigeria,Kpasham,pbn,"3,000"
Anglophone West Africa,Nigeria,Kutto,kpa,"3,000"
Anglophone West Africa,Nigeria,Mbongno,bgu,"3,000"
Anglophone West Africa,Nigeria,Piapung,pcw,"3,000"
Anglophone West Africa,Nigeria,Sha,scw,"3,000"
Anglophone West Africa,Nigeria,Yotti,yot,"3,000"
Anglophone West Africa,Nigeria,Kholok,ktc,"2,500"
Anglophone West Africa,Nigeria,Tunzuii,dza,"2,500"
Anglophone West Africa,Nigeria,Kaivi,kce,"2,320"
Anglophone West Africa,Nigeria,Tumi,kku,"2,270"
Anglophone West Africa,Nigeria,Bo-Rukul,mae,"2,000"
Anglophone West Africa,Nigeria,Ciwogai,tgd,"2,000"
Anglophone West Africa,Nigeria,Gyem,gye,"2,000"
Anglophone West Africa,Nigeria,Kariya,kil,"2,000"
Anglophone West Africa,Nigeria,Nggwahyi,ngx,"2,000"
Anglophone West Africa,Nigeria,Rom,tdk,"2,000"
Anglophone West Africa,Nigeria,Aduge,adu,"1,900"
Anglophone West Africa,Nigeria,Wãpha,juw,"1,610"
Anglophone West Africa,Nigeria,Horom,hoe,"1,500"
Anglophone West Africa,Nigeria,Dungu,dbv,"1,100"
Anglophone West Africa,Nigeria,Kofa,kso,"1,100"
Anglophone West Africa,Nigeria,Abon,abo,"1,000"
Anglophone West Africa,Nigeria,Ambo,amb,"1,000"
Anglophone West Africa,Nigeria,Bukwen,buz,"1,000"
Anglophone West Africa,Nigeria,Buru,bqw,"1,000"
Anglophone West Africa,Nigeria,Fam,fam,"1,000"
Anglophone West Africa,Nigeria,Fungwa,ula,"1,000"
Anglophone West Africa,Nigeria,Mashi,jms,"1,000"
Anglophone West Africa,Nigeria,Mundat,mmf,"1,000"
Anglophone West Africa,Nigeria,Shuwa-Zamani,ksa,"1,000"
Anglophone West Africa,Nigeria,Tsucuba,cbq,"1,000"
Anglophone West Africa,Nigeria,Gwa,gwb,980
Anglophone West Africa,Nigeria,Ju,juu,900
Anglophone West Africa,Nigeria,Duhwa,kbz,800
Anglophone West Africa,Nigeria,Jakattoe,jrt,500
Anglophone West Africa,Nigeria,Vono,kch,500
Anglophone West Africa,Nigeria,Ndunda,nuh,350
Anglophone West Africa,Nigeria,Àhàn,ahn,300
Anglophone West Africa,Nigeria,Doko-Uyanga,uya,200
Anglophone West Africa,Nigeria,Kapya,klo,200
Anglophone West Africa,Nigeria,Beele,bxq,120
Anglophone West Africa,Nigeria,Mangas,zns,100
Anglophone West Africa,Nigeria,Mvanip,mcj,100
Anglophone West Africa,Nigeria,Ukwa,ukq,100
Anglophone West Africa,Nigeria,Zangwal,zah,100
Latin America,Brazil,Waimiri-Atroarí,atr,"2,010"
Latin America,Brazil,Hupdë,jup,"1,740"
Latin America,Brazil,Cinta Larga,cin,650
Latin America,Brazil,Yawanawa,ywn,520
Latin America,Brazil,Enawené-Nawé,unk,450
Latin America,Brazil,Yaroamë,yro,430
Latin America,Brazil,Panará,kre,380
Latin America,Brazil,Araweté,awt,340
Latin America,Brazil,Ikpeng,txi,340
Latin America,Brazil,Matís,mpq,320
Latin America,Brazil,Jurúna,jur,280
Latin America,Brazil,Suruí do Pará,mdz,260
Latin America,Brazil,Mehináku,mmh,200
Latin America,Brazil,Uru-Pa-In,urp,200
Latin America,Brazil,Zo'é,pto,180
Latin America,Brazil,Awetí,awe,170
Latin America,Brazil,Suruahá,swx,140
Latin America,Colombia,Cubeo,ub,"6,250"
Latin America,Colombia,Barí,mot,"5,020"
Latin America,Colombia,Emberá-Baudó,bdc,"5,000"
Latin America,Colombia,"Tunebo, Western",tnb,700
Latin America,Colombia,Macaguán,mbn,300
Latin America,Colombia,"Tunebo, Barro Negro",tbn,300
Latin America,Colombia,Achaua,aca,250
Latin America,Mexico,"Nahuatl, Central",nhn,"40,000"
Latin America,Mexico,"Mazatec, Puebla and Northeastern",pbm,"33,800"
Latin America,Mexico,"Nahuatl, Central Puebla",ncx,"16,000"
Latin America,Mexico,"Totonac, Filomena Mata-Coahuitlán",tlp,"15,100"
Latin America,Mexico,"Chinantec, Tepinapa",cte,"11,800"
Latin America,Mexico,"Zapotec, Petapa",zpe,"8,000"
Latin America,Mexico,"Zapotec, Southeastern Ixtlán",zpd,"6,000"
Latin America,Mexico,"Zapotec, Lachiguiri",zpa,"5,000"
Latin America,Mexico,"Zoque, Chimalapa",zoh,"4,500"
Latin America,Mexico,"Zapotec, Quiavicuzas",zpj,"4,000"
Latin America,Mexico,"Mixtec, Tijaltepec",xtl,"3,250"
Latin America,Mexico,"Zapotec, Santiago Xanica",zpr,"2,500"
Latin America,Mexico,"Mixtec, Huitepec",mxs,"2,400"
Latin America,Mexico,"Amuzgo, Ipalapa",azm,"2,030"
Latin America,Mexico,"Mixtec, Cuyamecalco",xtu,"1,880"
Latin America,Mexico,"Mixtec, Tamazola",vmx,"1,550"
Latin America,Mexico,"Zapotec, San Baltazar Loxicha",zpx,"1,500"
Latin America,Mexico,"Mixtec, Tututepec",mtu,"1,020"
Latin America,Mexico,"Zapotec, Santa Catarina Albarradas",ztn,"1,000"
Latin America,Mexico,"Mixtec, Yutanduchi",mab,960
Latin America,Mexico,"Zapotec, El Alto",zpp,900
Latin America,Mexico,"Zapotec, Ayoquesco",zaf,880
Latin America,Mexico,"Zapotec, Zaniza",zpw,770
Latin America,Mexico,"Mixtec, Soyaltepec",vmq,220
Latin America,Peru,"Quechua, Jauja Wanca",qxw,"25,000"
Latin America,Peru,Shipibo-Conibo,shp,"22,500"
Latin America,Peru,Shawi,cbt,"14,000"
Latin America,Peru,Yanesha',ame,"7,520"
Latin America,Peru,"Quechua, Chachapoyas",quk,"7,000"
Latin America,Peru,Kakataibo-Kashibo,cvr,"2,780"
Latin America,Peru,"Spanish, Charapa",spq,"2,700"
Latin America,Peru,Pisabo,pig,500
Latin America,Peru,Mashco Piro,cuj,200
Other,Afghanistan,Aimaq,aiq,"716,900"
Other,Afghanistan,"Pashai, Southwest",psh,"100,000"
Other,Afghanistan,"Pashai, Northeast",aee,"54,400"
Other,Afghanistan,Gawar-Bati,gwt,"34,270"
Other,Afghanistan,Kamviri,xvi,"20,000"
Other,Afghanistan,Prasuni,prn,"8,000"
Other,Afghanistan,Tregami,trm,"3,500"
Other,Afghanistan,Sanglechi,sgy,"2,200"
Other,Afghanistan,Shumashti,sts,"1,000"
Other,China,"Chinese, Jinyu",cjy,"47,100,000"
Other,China,"Chinese, Huizhou",czh,"5,380,000"
Other,China,"Chinese, Min Zhong",czo,"3,620,000"
Other,China,"Pinghua, Southern",csp,"2,370,000"
Other,China,"Zhuang, Zuojiang",zzj,"1,840,000"
Other,China,"Zhuang, Yongnan",zyn,"1,810,000"
Other,China,"Pinghua, Northern",cnp,"1,760,000"
Other,China,"Zhuang, Guibei",zgb,"1,500,000"
Other,China,"Zhuang, Yang",zyg,"765,000"
Other,China,"Dong, Northern",doc,"463,000"
Other,China,Kim Mun,mji,"374,500"
Other,China,"Zhuang, Liuqian",zlq,"370,000"
Other,China,"Miao, Eastern Qiandong",hmq,"350,000"
Other,China,Waxianghua,wxa,"300,000"
Other,China,"Lolopo, Southern",ysp,"190,000"
Other,China,"Zhuang, Minz",zgm,"173,000"
Other,China,"Nasu, Wumeng",ywu,"150,000"
Other,China,"Zhuang, Qiubei",zqe,"140,000"
Other,China,Biyo,byo,"120,000"
Other,China,Awa,vwa,"98,000"
Other,China,Mulam,mlm,"86,000"
Other,China,"Miao, Northern Guiyang",huj,"84,000"
Other,China,"Qiang, Southern",qxs,"81,300"
Other,China,"Bai, Lama",lay,"80,000"
Other,China,Biao,byk,"80,000"
Other,China,Cun,cuq,"80,000"
Other,China,"Miao, Eastern Xiangxi",muq,"80,000"
Other,China,"Miao, Central Mashan",hmm,"70,000"
Other,China,"Miao, Northern Huishui",hmi,"70,000"
Other,China,"Miao, Southwestern Guiyang",hmg,"70,000"
Other,China,Cao Miao,cov,"63,600"
Other,China,"Miao, Luopohe",hml,"61,000"
Other,China,Dzao Min,bpn,"60,000"
Other,China,"Miao, Southwestern Huishui",hmh,"56,000"
Other,China,Jiamao,jio,"52,300"
Other,China,Lavrung,jiq,"50,000"
Other,China,"Miao, Horned",hrm,"50,000"
Other,China,Narua,nru,"47,000"
Other,China,Biao-Jiao Mien,bje,"43,000"
Other,China,"Miao, Central Huishui",hmc,"40,000"
Other,China,"Lalu, Western",ywl,"38,000"
Other,China,Nisi,yso,"36,000"
Other,China,"Phowa, Hlepho",yhl,"36,000"
Other,China,Ache,yif,"35,000"
Other,China,"Miao, Northern Mashan",hmp,"35,000"
Other,China,E,eee,"30,000"
Other,China,Enu,enu,"30,000"
Other,China,Maonan,mmd,"30,000"
Other,China,Pholo,yip,"30,000"
Other,China,Limi,ylm,"29,000"
Other,China,"Miao, Southern Guiyang",hmy,"28,000"
Other,Iran,Khorasani Turkish,kmz,"916,000"
Other,Iran,Lari,lrl,"116,000"
Other,Iran,Khalaj,klj,"52,800"
Other,Iran,Sangisari,sgr,"36,000"
Other,Iran,Parsi-Dari,prd,"27,000"
Other,Iran,Sorkhei,sqo,"10,000"
Other,Iran,Natanzi,ntz,"7,030"
Other,Iran,Nayini,nyq,"7,030"
Other,Iran,Soi,soj,"7,030"
Other,Iran,Lasgerdi,lsa,"1,000"
Other,Pakistan,"Pashto, Central",pst,"8,490,000"
Other,Pakistan,"Hindko, Southern",hnd,"1,170,000"
Other,Pakistan,"Shina, Kohistani",plk,"401,000"
Other,Pakistan,Waneci,wne,"125,000"
Other,Pakistan,Sindhi Bhil,sbn,"56,500"
Other,Pakistan,Jogi,jog,"50,000"
Other,Pakistan,Bateri,btv,"35,600"
Other,Pakistan,Jadgali,jdg,"25,600"
Other,Pakistan,Goaria,gig,"25,400"
Other,Pakistan,Loarki,lrk,"20,000"
Other,Pakistan,Khetrani,xhe,"18,100"
Other,Pakistan,Dehwari,deh,"16,900"
Other,Pakistan,Lasi,lss,"12,700"
Other,Pakistan,Ghera,ghr,"10,000"
Other,Pakistan,Ormuri,oru,"6,430"
Other,Pakistan,Jandavra,jnd,"5,000"
Other,Pakistan,Kalasha,kls,"5,000"
Other,Pakistan,Vaghri,vgr,"4,240"
Other,Pakistan,Ushojo,ush,"2,790"